epoch,acc,loss,val_acc,val_loss
3,0.07307478040456772,19.779842376708984
3,0.0720490887761116,19.869537353515625,0.08293351531028748,15.258269309997559
4,0.164242684841156,12.411918640136719,0.1343385875225067,13.05557632446289
5,0.21404843032360077,10.742300987243652,0.17443454265594482,11.641766548156738
6,0.24753233790397644,9.760139465332031,0.22515422105789185,10.296656608581543
